valor,area_primer_piso,existe_segundo_piso,area_patio,dist_metro,dist_parque
193055.55555555553,79.52,1,23.86,1.639,3.039
168055.55555555553,117.24,0,35.17,1.538,10.91
206944.44444444444,85.47,1,25.64,1.275,11.791
129629.62962962962,89.28,1,21.07,1.223,10.877
231481.48148148146,106.37,1,31.91,0.868,11.247
132407.4074074074,73.95,1,22.19,4.353,7.069
284259.2592592592,157.38,0,46.99,0.946,12.2
185185.18518518517,102.84,1,30.85,1.087,1.533
120277.77777777777,94.95,1,26.53,1.422,12.24
109259.25925925926,100.06,0,27.62,3.06,13.368
119907.4074074074,96.62,0,28.99,3.437,1.67
319444.44444444444,109.81,1,32.75,0.352,14.061
133333.3333333333,84.73,0,25.42,3.053,14.259
258796.2962962963,138.8,0,41.64,1.199,5.695
145370.37037037036,116.41,0,34.92,2.475,5.332
122222.22222222222,79.34,0,23.19,1.545,11.752
137962.96296296295,93.27,0,27.98,1.831,3.854
83333.33333333333,120.4,0,0.0,6.768,3.498
147222.22222222222,103.49,0,31.05,4.619,0.119
128703.7037037037,124.4,0,28.68,3.013,5.858
301203.7037037037,107.58,1,32.27,0.903,9.769
129074.07407407406,102.94,0,17.75,1.698,14.486
212962.96296296295,166.76,0,49.53,0.67,3.952
120277.77777777777,98.48,0,28.99,3.311,14.385
142592.59259259258,98.48,0,29.54,4.914,8.776
237314.8148148148,148.64,0,43.65,0.668,13.616
124814.8148148148,83.61,0,25.08,3.185,12.452
283333.3333333333,158.31,0,47.49,0.548,3.246
192129.6296296296,148.64,0,41.36,4.695,10.08
63425.92592592592,48.31,0,14.49,6.811,10.248
37037.03703703704,60.29,1,18.09,7.421,10.011
138287.03703703702,114.08,0,34.23,4.459,6.537
166574.07407407407,114.64,0,34.39,0.768,11.829
153240.74074074073,157.94,0,38.96,4.946,8.926
256944.44444444444,145.02,0,43.51,0.314,3.697
286111.11111111107,105.17,1,31.13,0.776,12.776
134259.25925925924,101.91,0,30.57,4.659,13.793
141666.66666666666,120.5,0,36.15,4.237,4.321
100925.92592592591,98.2,0,29.46,4.723,7.275
75925.92592592593,107.02,0,0.0,6.732,9.929
148148.14814814815,123.0,0,30.32,2.557,13.633
157407.4074074074,123.38,0,37.63,3.092,2.773
133333.3333333333,82.13,0,23.41,3.456,8.755
120601.85185185184,87.14,0,26.14,3.579,14.559
130555.55555555555,106.84,0,32.05,3.16,9.527
296203.7037037037,162.77,0,48.83,0.27,11.042
221931.48148148146,141.03,1,39.97,1.101,11.849
231203.70370370368,153.85,0,46.15,0.639,8.1
104629.62962962962,68.38,1,20.51,6.907,5.058
117592.59259259258,88.72,0,26.62,3.73,9.265
163888.88888888888,73.76,1,22.13,2.055,8.395
106018.51851851851,75.81,0,22.74,1.814,5.806
101851.85185185184,75.81,0,22.74,3.534,4.708
356481.48148148146,171.13,0,51.34,0.481,6.082
120370.37037037036,126.35,0,10.7,4.296,7.77
167129.6296296296,132.39,0,39.72,2.414,11.661
159722.22222222222,91.32,1,27.03,0.586,12.393
181944.44444444444,79.9,1,23.97,1.729,13.466
406277.77777777775,132.48,1,39.3,0.116,10.121
115648.14814814815,72.46,0,21.74,3.759,4.535
146296.2962962963,107.58,0,32.27,2.984,0.185
93518.51851851851,53.98,1,14.77,4.28,13.73
187500.0,127.28,0,38.18,0.778,11.006
129629.62962962962,83.8,1,16.05,1.685,2.65
203240.74074074073,98.2,1,29.46,1.843,8.19
293518.5185185185,106.19,1,31.86,0.888,7.909
166666.66666666666,205.04,0,54.26,1.229,0.791
209259.25925925924,137.4,0,40.5,1.032,3.061
74074.07407407407,69.4,0,20.82,5.946,14.028
208333.3333333333,121.15,1,36.34,1.268,13.059
225925.9259259259,206.52,0,61.96,1.211,3.306
119907.4074074074,78.5,0,23.55,7.829,11.554
171296.2962962963,82.22,1,23.19,1.876,10.887
134166.66666666666,100.89,0,30.27,3.629,2.694
99444.44444444444,78.04,1,23.41,9.311,1.71
84259.25925925926,48.87,1,12.88,6.187,9.335
125694.44444444444,88.44,0,26.53,7.744,4.068
117592.59259259258,99.59,1,18.73,3.918,5.338
126388.88888888888,164.25,0,49.28,5.795,9.696
101851.85185185184,63.36,1,12.26,3.493,10.112
179166.66666666666,109.81,1,24.97,2.342,11.482
142129.6296296296,124.21,0,34.48,1.894,8.955
226851.85185185182,145.21,0,43.56,0.792,5.672
117129.62962962962,98.94,0,29.68,4.796,1.175
156018.5185185185,74.69,1,10.7,1.399,2.596
240740.74074074073,120.87,1,35.9,0.61,3.7
161111.1111111111,63.55,1,19.06,2.996,8.354
152314.8148148148,56.86,1,17.06,2.264,11.081
78703.7037037037,94.11,0,28.23,8.182,10.418
114444.44444444444,91.97,0,27.59,5.141,6.458
101759.25925925926,96.62,0,0.0,5.329,14.11
91296.29629629629,114.74,0,34.42,4.255,6.609
151388.88888888888,89.56,0,24.41,4.584,10.985
123981.48148148147,117.06,1,33.84,2.133,9.659
189583.3333333333,84.08,1,22.97,1.595,10.236
171296.2962962963,63.17,1,18.95,2.072,7.674
198148.14814814815,147.53,0,44.26,1.996,8.631
87731.48148148147,89.19,0,26.76,6.587,10.812
76851.85185185185,77.57,0,12.76,4.942,3.256
119398.14814814815,113.81,0,26.48,7.582,12.183
189814.8148148148,149.57,0,44.87,1.517,13.22
164814.8148148148,90.77,1,20.65,2.581,1.659
110151.85185185184,142.61,0,0.0,4.363,3.774
184166.66666666666,113.9,0,34.17,1.537,4.483
156944.44444444444,113.9,1,28.99,1.267,2.321
231481.48148148146,97.83,1,29.35,0.82,2.96
92592.59259259258,97.27,0,17.87,5.335,9.98
106481.48148148147,73.3,0,21.99,3.87,2.722
106481.48148148147,92.62,1,22.1,3.907,12.2
175925.92592592593,171.31,0,51.39,2.931,14.242
126759.25925925926,112.97,1,27.7,2.814,6.628
166666.66666666666,71.91,1,10.7,1.263,8.567
355527.77777777775,119.1,1,35.23,1.501,7.638
200925.92592592593,209.87,0,50.42,1.768,5.811
240277.77777777775,133.41,1,28.65,2.869,7.359
162962.96296296295,67.73,1,20.32,2.806,3.719
128703.7037037037,101.45,0,30.44,3.597,9.116
143518.5185185185,104.52,0,31.35,4.278,4.517
296296.2962962963,157.84,1,46.63,1.609,3.035
151842.59259259258,67.63,1,20.29,1.729,3.922
166666.66666666666,91.79,0,26.14,2.644,6.778
92592.59259259258,71.72,1,20.4,6.618,14.025
125925.92592592591,100.34,0,30.1,2.668,9.37
142500.0,111.39,0,33.42,2.296,14.731
167592.59259259258,147.34,0,37.96,1.501,6.611
78240.74074074073,48.31,0,14.49,1.986,4.647
118518.51851851851,89.0,0,30.04,1.529,10.949
80555.55555555555,78.04,0,18.73,4.858,10.381
143518.5185185185,61.32,1,18.39,2.818,1.998
138888.88888888888,97.83,0,28.09,4.663,6.468
209259.25925925924,112.97,1,25.75,1.308,4.8
225925.9259259259,94.95,1,27.65,1.587,4.798
139583.3333333333,123.28,0,29.63,4.756,5.263
203703.70370370368,120.4,0,35.31,0.973,14.114
166666.66666666666,159.89,0,40.72,3.171,14.891
161111.1111111111,156.26,0,36.34,1.486,8.818
132407.4074074074,112.78,0,33.84,3.138,4.248
158333.3333333333,182.0,0,53.15,1.761,1.136
212962.96296296295,93.27,1,27.98,0.883,2.12
214351.85185185182,86.21,1,25.86,1.693,5.172
106481.48148148147,80.27,0,24.08,6.426,9.999
240740.74074074073,161.09,0,48.33,1.55,9.769
153703.7037037037,84.54,1,25.36,3.53,14.56
188888.88888888888,139.45,0,41.53,1.872,12.495
115740.74074074073,160.54,0,48.16,3.846,0.135
120370.37037037036,90.12,1,27.03,1.818,10.433
97222.22222222222,81.29,0,19.93,4.079,7.221
206018.5185185185,82.13,1,24.64,1.73,11.195
130555.55555555555,100.34,0,30.1,1.201,3.58
106481.48148148147,83.24,1,24.97,3.623,14.671
112962.96296296295,90.02,0,27.01,4.99,1.32
344816.6666666666,158.86,0,47.66,0.825,9.647
175925.92592592593,101.91,1,22.99,2.157,5.935
217592.59259259258,116.31,0,44.65,2.276,12.21
115740.74074074073,111.48,0,33.45,1.682,3.011
73148.14814814815,53.14,1,15.94,1.837,14.673
101388.88888888888,96.62,0,0.0,3.676,1.045
249537.03703703702,71.91,1,21.57,0.794,11.293
236018.5185185185,92.07,1,27.62,1.23,10.849
296296.2962962963,129.32,1,38.8,1.22,8.103
150462.96296296295,114.46,0,34.34,1.606,3.443
381944.44444444444,146.04,1,43.81,0.389,6.35
203703.70370370368,143.16,0,42.95,1.229,7.253
95555.55555555555,81.94,0,24.58,7.716,3.976
140740.74074074073,106.75,1,32.02,2.789,3.254
118055.55555555555,75.07,1,17.95,3.142,12.794
175925.92592592593,173.45,0,45.07,3.476,8.694
301503.7037037037,149.57,1,44.09,0.834,4.791
169907.4074074074,78.04,1,23.41,1.214,9.756
211111.1111111111,158.59,0,46.99,0.566,9.861
118981.48148148147,79.34,0,20.07,4.871,10.272
199074.07407407407,153.85,0,30.1,2.357,9.184
221296.2962962963,98.85,1,29.65,1.473,9.181
150925.92592592593,126.53,0,37.96,2.677,2.555
170370.37037037036,153.38,0,44.76,2.711,5.211
224999.99999999997,200.48,0,33.5,1.786,13.085
195370.37037037036,108.14,1,32.08,1.645,9.107
159722.22222222222,116.31,1,29.32,3.862,4.123
464663.8888888889,207.55,0,61.76,0.327,6.509
92592.59259259258,89.93,0,26.98,3.934,7.418
163888.88888888888,71.44,1,21.07,2.594,10.916
185277.77777777775,83.71,1,22.1,1.673,13.05
111111.11111111111,124.49,0,0.0,4.968,12.262
185185.18518518517,126.53,1,37.96,1.098,1.653
117592.59259259258,86.96,1,14.05,3.805,2.162
439814.8148148148,141.03,1,30.85,0.134,12.06
160185.18518518517,113.06,0,33.11,1.862,3.16
124999.99999999999,75.07,1,18.39,3.497,2.487
141978.7037037037,113.71,0,30.27,3.38,10.177
264814.8148148148,147.99,0,44.4,0.724,9.754
291666.6666666666,143.91,1,23.77,0.711,2.337
170370.37037037036,67.35,1,20.21,1.279,8.933
177777.77777777775,132.94,0,39.88,1.25,14.526
120370.37037037036,90.12,1,27.03,1.923,2.967
117592.59259259258,80.27,0,24.08,3.886,11.626
137500.0,79.43,1,23.83,2.792,9.179
288770.37037037034,160.35,0,48.11,1.55,3.383
217592.59259259258,126.35,1,37.9,0.525,14.85
96296.29629629629,86.31,1,21.04,2.999,11.314
254537.03703703702,159.14,0,47.74,0.918,6.312
129629.62962962962,104.14,0,31.24,7.907,13.438
158796.2962962963,118.82,0,33.33,2.89,2.458
103703.7037037037,80.36,1,17.2,2.773,14.501
137962.96296296295,78.78,0,23.63,1.749,12.794
101851.85185185184,66.89,1,20.07,3.971,2.624
167129.6296296296,133.97,0,39.69,1.214,13.815
133240.74074074073,157.56,0,31.77,3.802,0.178
130555.55555555555,102.19,0,30.66,5.176,13.805
256481.48148148146,109.63,1,32.25,1.379,4.941
134259.25925925924,101.45,0,30.44,2.978,11.338
90740.74074074073,80.27,0,24.08,3.53,11.916
172222.22222222222,112.6,0,33.78,2.676,5.876
233961.1111111111,86.59,1,25.08,1.455,1.49
144444.44444444444,91.97,0,27.59,3.846,1.199
149768.5185185185,64.01,1,19.2,2.936,8.093
124490.74074074073,114.83,0,29.82,4.991,8.672
194444.44444444444,133.41,0,40.02,1.556,2.75
99074.07407407407,75.25,1,19.12,7.155,9.833
288425.9259259259,105.63,1,22.24,1.155,1.73
154851.85185185185,115.94,0,34.78,1.297,7.693
189722.22222222222,139.17,0,41.75,1.969,8.149
185185.18518518517,93.83,1,28.15,2.369,3.85
166574.07407407407,75.34,1,19.87,2.313,1.571
89814.8148148148,80.27,0,24.08,7.244,13.642
357638.8888888889,222.22,0,66.67,0.106,12.934
103703.7037037037,58.53,1,17.56,4.168,9.234
268518.5185185185,112.78,1,33.53,1.503,1.411
98148.14814814815,44.87,1,13.46,2.779,8.355
115740.74074074073,84.73,0,25.42,3.315,11.926
178240.74074074073,144.46,0,38.27,1.961,11.739
137037.03703703702,110.93,0,33.28,1.62,10.639
373148.14814814815,138.43,1,40.75,0.593,1.554
87500.0,44.87,1,13.46,2.393,9.097
118703.7037037037,83.06,0,24.92,4.35,4.257
200462.96296296295,79.9,1,23.97,1.853,14.811
82870.37037037036,44.87,1,13.46,1.68,1.153
171759.25925925924,131.36,0,39.41,1.89,4.118
180092.59259259258,94.2,1,27.76,1.246,0.464
294444.44444444444,157.38,0,47.21,0.797,2.681
104629.62962962962,74.14,1,20.49,2.429,5.201
243055.55555555553,145.49,0,43.65,0.71,5.29
102314.8148148148,80.45,0,19.12,4.167,13.343
73148.14814814815,82.59,1,15.05,4.046,10.747
111111.11111111111,58.16,1,17.45,2.902,14.075
189814.8148148148,113.53,1,26.42,1.204,3.688
223611.1111111111,173.91,0,51.42,1.716,2.236
126851.85185185184,84.36,1,28.43,1.858,5.806
129629.62962962962,127.74,0,38.1,2.094,11.726
166666.66666666666,78.04,1,23.41,1.672,9.667
256481.48148148146,134.15,1,40.25,1.95,14.092
70833.33333333333,121.33,0,20.29,8.632,10.98
217592.59259259258,150.97,0,43.84,0.876,2.147
160185.18518518517,74.14,1,22.24,1.609,5.411
146296.2962962963,120.96,0,36.29,2.187,3.852
134259.25925925924,122.07,0,36.62,4.997,4.748
212962.96296296295,93.37,1,27.17,1.996,10.331
192129.6296296296,80.27,1,24.08,1.61,7.211
203703.70370370368,149.02,0,44.7,1.213,11.592
214351.85185185182,89.47,1,26.84,1.265,1.223
89814.8148148148,81.94,0,0.0,4.867,13.723
162962.96296296295,128.39,0,37.96,2.821,12.487
255555.55555555553,137.68,1,41.3,0.94,11.397
139814.8148148148,112.6,0,14.1,2.054,12.821
120370.37037037036,86.03,0,25.81,3.315,1.59
67592.59259259258,70.98,0,18.95,4.667,13.627
162500.0,132.11,0,39.63,2.555,14.651
171296.2962962963,74.51,1,22.35,2.418,1.102
166203.70370370368,97.73,1,20.07,4.974,7.96
111574.07407407407,72.28,0,20.62,4.308,6.954
137037.03703703702,103.4,0,31.86,1.512,6.341
246296.2962962963,101.73,1,30.52,0.909,3.722
223611.1111111111,126.63,0,38.6,1.299,3.525
268518.5185185185,108.14,1,32.11,0.832,4.723
128703.7037037037,151.62,0,34.56,2.908,10.435
115277.77777777777,75.81,0,22.74,3.269,5.115
189814.8148148148,88.44,1,26.53,1.115,13.626
186111.1111111111,144.93,0,43.48,1.107,14.286
130555.55555555555,80.27,0,24.08,6.66,4.637
384535.18518518517,197.05,0,59.11,0.282,1.385
177777.77777777775,107.4,1,32.33,1.605,4.726
211574.07407407407,109.16,1,22.49,1.718,12.992
171296.2962962963,117.24,0,35.17,1.805,3.465
192129.6296296296,122.07,0,36.62,1.634,10.268
226481.48148148146,136.38,0,40.91,0.632,10.186
165925.92592592593,146.32,0,43.9,2.233,5.934
152500.0,58.06,1,17.42,1.905,3.373
147222.22222222222,100.8,1,25.42,2.769,9.63
81481.48148148147,79.71,0,23.91,5.277,6.184
112962.96296296295,83.61,0,24.58,3.847,11.834
142199.07407407407,64.85,1,19.45,1.915,2.277
215953.70370370368,100.24,1,30.07,0.502,6.653
125833.33333333333,86.96,1,21.74,4.542,1.301
121296.29629629629,106.65,1,21.4,4.274,12.741
217592.59259259258,136.38,1,22.16,1.262,0.52
154629.6296296296,152.73,0,39.47,2.612,7.985
131944.44444444444,93.18,0,27.95,2.328,14.83
140740.74074074073,84.54,1,25.36,3.855,12.068
221296.2962962963,90.58,1,27.17,1.01,5.977
162037.03703703702,96.71,1,19.57,1.613,14.018
146759.25925925924,107.02,0,30.44,2.825,4.615
145370.37037037036,124.12,0,32.47,4.808,9.142
247222.22222222222,112.41,1,28.65,0.773,9.055
189814.8148148148,143.16,0,42.95,1.835,11.093
138796.2962962963,83.06,0,24.92,4.165,5.04
273148.14814814815,155.61,1,40.97,1.148,6.567
283240.74074074073,185.81,0,55.74,0.564,5.544
208333.3333333333,104.24,1,19.51,1.308,11.837
82870.37037037036,96.15,1,8.89,2.848,14.214
76388.88888888889,79.99,0,24.0,7.388,5.759
333333.3333333333,180.6,0,52.84,0.458,11.833
153333.3333333333,64.75,1,19.43,2.848,9.648
122222.22222222222,90.3,0,27.09,1.815,4.457
111018.51851851851,73.67,1,22.1,3.499,13.497
347222.2222222222,189.15,0,59.53,1.103,2.367
164814.8148148148,77.3,1,20.29,1.78,3.96
174537.03703703702,66.52,1,19.96,1.884,2.078
240740.74074074073,107.12,1,23.55,1.406,2.13
249999.99999999997,101.08,1,30.32,0.81,9.617
240740.74074074073,127.46,1,37.54,1.155,12.618
173611.1111111111,136.75,0,38.24,1.93,12.685
317262.037037037,116.04,1,34.81,0.459,4.068
327777.77777777775,105.54,1,31.66,0.988,14.269
278703.7037037037,144.28,1,41.86,1.811,5.69
116828.7037037037,108.05,0,32.39,9.763,10.679
224074.07407407407,176.33,1,19.79,1.025,1.596
80555.55555555555,74.6,0,20.07,4.473,0.148
300000.0,159.7,0,47.91,0.666,10.652
134490.74074074073,128.48,0,38.55,2.896,13.472
198611.1111111111,134.24,1,23.52,2.703,1.696
72222.22222222222,55.37,1,16.61,4.728,8.128
110185.18518518518,160.54,0,48.16,4.621,13.06
128703.7037037037,98.11,0,29.43,3.534,11.445
262962.9629629629,151.34,0,89.35,0.894,6.242
191666.66666666666,126.16,0,37.85,1.108,14.706
177777.77777777775,87.61,1,26.28,2.808,6.648
211990.74074074073,150.41,1,41.78,4.717,1.554
349468.5185185185,178.56,0,53.57,0.267,14.491
198148.14814814815,142.7,0,42.81,1.817,14.197
187500.0,150.6,0,33.67,1.46,8.495
143518.5185185185,112.88,0,33.86,1.958,11.501
187870.37037037036,92.25,1,26.95,0.898,10.744
75925.92592592593,78.13,0,20.09,5.683,10.197
81018.51851851851,96.62,0,0.0,8.047,12.139
246296.2962962963,156.45,0,46.93,0.258,9.791
78703.7037037037,49.8,1,14.94,3.657,14.515
129814.8148148148,90.3,1,27.09,2.797,2.219
140277.77777777778,89.0,0,26.7,2.95,4.89
145833.3333333333,137.31,0,41.19,1.919,11.776
142592.59259259258,70.98,1,21.29,1.641,8.741
404772.2222222222,171.68,1,51.51,0.32,13.216
294500.9259259259,173.64,0,52.09,0.494,1.599
175925.92592592593,134.99,0,40.5,1.536,10.582
87962.96296296296,57.23,1,17.17,4.878,14.729
98055.55555555555,66.89,0,17.39,1.673,3.553
129629.62962962962,110.74,1,26.2,2.956,2.271
164351.85185185185,111.48,0,33.45,1.768,7.869
160185.18518518517,108.42,0,32.27,2.944,10.148
124074.07407407407,106.1,0,31.83,3.531,9.839
120370.37037037036,125.6,0,29.6,3.217,8.415
259259.25925925924,100.89,1,30.27,0.717,5.744
144444.44444444444,84.73,0,24.75,2.593,10.948
134259.25925925924,91.79,1,24.61,3.627,14.834
183796.2962962963,45.99,1,0.0,1.606,8.088
109259.25925925926,44.87,1,13.46,2.267,6.537
175925.92592592593,73.39,1,22.19,2.078,14.564
136111.1111111111,62.43,1,18.73,4.153,3.485
147222.22222222222,129.51,0,38.85,1.882,8.877
152777.77777777778,132.94,0,30.63,2.563,12.754
122222.22222222222,117.8,0,35.34,3.003,12.066
150000.0,119.57,0,29.63,4.851,11.469
159629.6296296296,88.54,1,26.56,2.308,10.541
124474.07407407407,104.05,1,0.0,7.158,10.9
115740.74074074073,69.86,0,20.74,2.613,14.522
113888.88888888888,122.54,0,16.95,4.341,1.022
203240.74074074073,78.69,1,23.61,1.364,6.93
56481.481481481474,83.98,0,19.04,12.21,7.309
137037.03703703702,84.91,0,24.25,4.328,11.051
314814.8148148148,146.79,1,44.04,0.665,5.024
365214.8148148148,172.43,0,51.73,0.294,3.769
165740.74074074073,93.55,1,27.37,2.772,2.172
117592.59259259258,95.32,1,28.6,4.44,9.906
173842.59259259258,120.87,0,36.04,1.3,8.401
197685.18518518517,87.24,1,26.17,1.309,13.247
70370.37037037036,72.84,0,21.85,2.113,7.619
222222.22222222222,100.24,1,44.04,2.104,10.41
177777.77777777775,117.89,0,35.01,0.648,9.989
75000.0,61.13,1,18.34,3.255,10.779
115740.74074074073,104.52,0,29.01,2.131,1.35
176851.85185185185,137.4,0,40.91,1.94,6.615
394444.44444444444,161.84,1,46.88,0.168,2.551
110185.18518518518,89.28,1,24.0,4.806,9.951
199074.07407407407,74.69,1,22.41,2.423,13.647
98611.11111111111,81.94,0,0.0,3.602,11.259
92592.59259259258,73.21,0,21.96,6.644,11.915
100925.92592592591,68.28,1,20.49,3.001,3.002
119444.44444444444,106.28,0,31.88,3.574,12.697
113888.88888888888,83.06,0,24.92,3.86,11.689
156944.44444444444,81.38,1,24.08,4.16,1.24
62037.03703703704,100.06,0,26.78,4.309,7.63
223148.14814814815,103.31,1,30.44,1.465,3.422
227314.8148148148,119.66,0,35.12,0.721,5.33
152768.5185185185,121.7,0,36.51,1.214,8.342
100000.0,62.43,0,18.73,3.946,6.44
238888.88888888888,108.23,1,31.8,0.951,6.448
155555.55555555553,74.88,1,22.46,2.694,10.956
138888.88888888888,150.5,0,35.7,5.509,11.354
106481.48148148147,108.32,0,29.65,1.627,2.625
163888.88888888888,78.04,1,23.41,2.273,8.989
259259.25925925924,99.5,1,29.63,1.633,11.887
314583.3333333333,97.55,1,28.82,0.668,1.451
55555.555555555555,118.54,0,35.56,4.637,11.458
134259.25925925924,98.11,0,29.43,4.502,1.286
205555.55555555553,137.31,0,40.97,1.673,6.993
106481.48148148147,95.5,0,28.09,3.449,13.146
211111.1111111111,100.34,1,30.1,1.199,1.284
167716.66666666666,124.49,0,37.35,1.024,2.042
138425.92592592593,62.43,1,18.73,1.867,10.381
221296.2962962963,127.28,1,38.18,2.213,10.534
116666.66666666666,70.23,1,21.07,4.699,8.267
131481.48148148146,98.11,0,29.43,3.146,3.279
191018.5185185185,124.86,0,37.46,1.414,9.619
199074.07407407407,148.83,0,44.65,2.445,14.091
104629.62962962962,91.79,0,27.54,3.389,14.258
291666.6666666666,136.57,1,40.97,0.848,6.134
128703.7037037037,111.11,0,33.33,2.242,14.41
124999.99999999999,65.68,1,18.14,1.244,5.903
254629.6296296296,152.73,0,42.31,1.656,4.898
100933.33333333333,84.26,0,25.28,5.017,6.91
180925.92592592593,112.23,0,33.67,1.751,14.79
162037.03703703702,131.18,0,38.8,2.655,6.418
79074.07407407407,44.87,1,13.46,1.66,5.072
73981.48148148147,101.08,1,25.11,2.138,11.086
113425.92592592591,71.07,1,21.32,3.352,9.908
167592.59259259258,86.03,1,25.81,2.937,11.622
75000.0,58.53,0,17.56,6.554,10.933
196296.2962962963,76.83,1,22.27,1.05,1.673
107407.4074074074,68.19,1,18.06,1.874,6.765
110185.18518518518,83.98,0,24.64,2.773,7.136
83657.4074074074,64.47,0,12.26,3.913,14.741
101851.85185185184,63.55,1,19.06,2.702,7.922
513888.8888888889,223.15,0,86.23,0.167,11.651
109259.25925925926,133.78,0,40.13,7.964,6.028
150833.3333333333,104.79,1,30.04,4.191,1.158
159722.22222222222,116.87,0,35.06,1.95,6.481
194444.44444444444,86.68,1,25.5,1.891,8.306
118055.55555555555,156.91,0,40.02,2.419,6.586
175925.92592592593,175.4,0,42.28,2.579,0.605
185092.59259259258,88.82,1,25.92,1.505,3.258
110648.14814814815,72.46,1,21.74,2.746,1.695
111111.11111111111,63.08,1,18.09,9.096,10.886
101851.85185185184,75.53,0,22.66,2.846,8.387
259259.25925925924,142.42,0,42.73,1.744,12.422
188888.88888888888,82.5,1,24.3,2.212,13.089
194444.44444444444,73.02,1,21.4,0.63,11.536
174074.07407407407,160.54,0,48.16,3.494,12.12
162500.0,115.39,0,34.62,1.638,13.641
90740.74074074073,57.97,1,17.39,4.532,13.795
237037.03703703702,154.5,0,38.02,6.564,12.482
149074.07407407407,77.39,1,16.39,0.813,13.543
101851.85185185184,90.95,1,19.76,3.549,5.874
243921.2962962963,77.3,1,23.19,0.539,2.995
143518.5185185185,53.42,1,15.61,1.286,11.786
57762.03703703704,80.27,0,24.08,3.543,12.38
174722.22222222222,78.87,1,19.93,1.98,12.891
114814.8148148148,96.62,0,28.99,4.08,11.45
165500.0,131.36,0,38.32,1.138,9.04
154629.6296296296,118.64,0,35.59,1.231,8.253
135648.14814814815,82.5,1,20.29,4.388,14.794
231481.48148148146,151.8,0,45.32,0.853,5.016
173148.14814814815,77.3,1,23.19,1.596,0.393
196296.2962962963,139.54,0,41.47,0.704,14.076
175925.92592592593,107.86,1,22.52,1.543,0.633
137037.03703703702,99.59,0,15.25,2.124,3.195
407407.40740740736,183.58,0,55.07,0.603,5.348
232407.4074074074,153.48,0,41.64,0.71,7.187
122685.18518518518,90.12,0,27.03,4.81,8.106
193425.92592592593,138.7,0,41.19,2.376,4.266
351851.85185185185,192.22,1,60.01,0.409,4.386
275000.0,159.61,0,47.52,0.928,3.051
82843.51851851851,105.07,0,25.28,7.297,7.591
301851.85185185185,171.87,0,51.09,0.314,2.983
346296.2962962963,166.48,0,49.94,0.202,5.937
143518.5185185185,85.1,1,25.36,1.352,3.413
151851.85185185185,112.97,0,33.89,2.63,9.863
122685.18518518518,92.81,0,27.84,4.707,9.682
136111.1111111111,103.4,0,31.02,4.907,4.216
144444.44444444444,99.68,0,29.91,3.838,14.989
162037.03703703702,137.87,0,41.36,4.495,4.98
148148.14814814815,164.07,1,26.59,4.092,13.694
79629.62962962962,58.53,0,17.56,6.81,5.196
106481.48148148147,57.23,1,7.36,3.441,8.86
123148.14814814815,89.0,1,22.46,1.829,13.77
159986.1111111111,67.63,1,20.29,2.154,9.097
143518.5185185185,117.89,0,35.37,3.058,5.74
84537.03703703704,82.31,0,5.3,3.672,14.373
32314.814814814814,66.89,0,20.07,7.037,9.719
398148.14814814815,299.89,0,89.19,0.702,8.849
170370.37037037036,105.26,1,28.6,1.165,7.747
120370.37037037036,83.52,0,24.08,3.935,4.966
111111.11111111111,84.73,0,25.42,3.255,6.711
104629.62962962962,62.43,1,18.73,2.433,11.284
209907.4074074074,80.45,1,24.14,1.027,10.938
129629.62962962962,112.78,0,33.84,3.788,11.99
267592.5925925926,167.32,0,41.83,1.564,11.19
136111.1111111111,79.43,1,23.83,1.541,14.887
115277.77777777777,89.19,1,26.76,4.285,12.985
199074.07407407407,98.94,1,21.66,0.568,4.875
192870.37037037036,113.16,0,33.95,2.193,14.96
149074.07407407407,64.01,1,19.2,1.05,6.961
115277.77777777777,96.71,0,29.01,3.758,9.12
152685.18518518517,126.63,0,28.09,3.423,13.163
187652.77777777775,127.09,0,38.13,1.327,2.75
120277.77777777777,80.27,0,24.08,4.522,10.238
124074.07407407407,100.34,0,30.21,2.069,7.536
89351.85185185184,73.3,0,21.4,4.504,3.805
373019.44444444444,187.66,0,55.91,0.183,1.863
146296.2962962963,128.02,1,19.2,1.878,10.972
245370.37037037036,118.64,1,35.23,1.082,8.71
195370.37037037036,81.94,1,22.13,1.529,7.364
216666.66666666666,118.54,1,35.56,1.539,9.942
98379.62962962962,64.47,1,0.0,8.0,5.275
138888.88888888888,115.57,0,34.67,2.025,10.792
147222.22222222222,93.27,1,27.98,2.475,10.67
171064.8148148148,291.53,1,87.46,0.178,1.644
292361.11111111107,128.48,1,38.43,1.652,7.418
162962.96296296295,117.62,0,35.03,1.754,9.095
122222.22222222222,86.21,0,25.86,4.899,8.687
413204.6296296296,137.12,1,40.47,0.26,8.959
79629.62962962962,56.21,0,14.72,5.061,1.635
185762.96296296295,233.65,0,56.72,1.729,11.922
162037.03703703702,140.19,0,40.72,1.689,13.722
118518.51851851851,69.77,1,17.03,2.504,3.139
99537.03703703704,76.83,0,0.0,4.128,11.396
36388.88888888888,31.03,0,0.0,12.654,8.995
164814.8148148148,65.68,1,19.7,0.85,11.371
99537.03703703704,76.18,1,31.13,4.534,1.225
174074.07407407407,81.75,1,24.53,1.168,1.489
103009.25925925926,80.27,0,24.08,6.822,8.628
146296.2962962963,107.67,0,29.29,4.496,8.757
251851.85185185182,148.74,0,44.06,0.557,2.472
291666.6666666666,170.76,0,51.23,0.446,11.868
229629.6296296296,92.62,1,27.01,0.982,2.372
197453.70370370368,156.08,0,45.99,1.108,2.839
123148.14814814815,71.26,0,20.15,1.026,12.151
166356.48148148146,61.69,1,18.23,1.312,11.133
212037.03703703702,127.93,1,33.56,1.677,12.986
194444.44444444444,85.01,1,29.68,2.937,5.085
119907.4074074074,71.35,0,21.4,3.793,9.562
115740.74074074073,76.64,0,22.99,4.43,10.045
243518.5185185185,84.73,1,25.42,1.076,11.509
129629.62962962962,99.31,0,29.79,2.536,3.543
104166.66666666666,86.21,0,25.86,4.254,1.702
236574.07407407407,159.51,0,47.63,0.551,11.647
100000.0,104.61,0,0.0,7.317,10.122
262962.9629629629,93.46,1,27.82,1.85,10.005
104629.62962962962,97.36,0,27.68,4.201,14.436
130555.55555555555,101.45,0,30.44,3.242,8.565
100000.0,83.33,1,17.75,7.952,8.672
162037.03703703702,67.73,1,20.32,1.783,11.647
216666.66666666666,144.65,0,38.29,1.347,11.406
112499.99999999999,129.32,0,38.8,3.857,7.997
157407.4074074074,129.04,0,38.71,3.741,1.726
100000.0,92.53,0,27.76,4.012,14.784
171296.2962962963,108.05,1,32.41,2.012,11.196
248148.14814814815,108.32,1,30.52,1.85,7.691
118518.51851851851,78.13,1,22.46,2.733,10.345
300925.9259259259,105.35,1,31.27,0.232,4.516
198148.14814814815,142.61,0,42.28,1.961,4.259
293148.14814814815,138.98,1,41.69,0.818,1.545
125888.88888888888,87.61,0,26.28,4.657,6.558
132037.03703703702,160.54,0,48.16,4.415,8.922
111111.11111111111,80.27,0,24.08,2.153,2.425
207870.37037037036,78.6,1,23.58,1.734,3.592
157407.4074074074,71.91,1,10.7,1.965,6.441
128703.7037037037,53.51,1,10.37,3.54,1.004
109722.22222222222,77.3,1,23.19,4.616,12.334
134259.25925925924,81.48,1,24.0,1.538,3.261
152314.8148148148,122.63,0,32.44,3.967,13.692
135185.18518518517,65.31,1,19.2,1.436,8.982
121759.25925925926,97.55,1,29.26,4.462,5.351
168425.92592592593,132.76,0,31.88,1.903,2.0
234530.55555555553,189.71,0,56.91,0.926,9.819
109722.22222222222,75.81,0,22.74,2.746,1.825
300925.9259259259,141.31,1,34.48,0.109,13.0
123148.14814814815,91.88,1,24.64,7.645,14.97
342500.0,188.41,0,52.06,0.622,12.603
120370.37037037036,77.85,0,22.74,2.197,2.565
126851.85185185184,79.9,0,23.41,4.221,9.176
132407.4074074074,136.85,0,40.05,3.758,9.662
73611.11111111111,72.37,0,20.68,3.057,2.617
172129.6296296296,71.54,1,21.46,1.851,13.27
418472.2222222222,160.54,1,47.99,0.118,2.377
127777.77777777777,75.81,0,22.74,3.424,13.538
129629.62962962962,78.78,0,23.63,2.697,14.665
101851.85185185184,85.84,0,25.75,3.681,9.16
295370.37037037034,169.64,0,50.56,0.94,5.634
106022.22222222222,63.55,1,19.06,2.552,1.733
179815.74074074073,130.25,0,35.06,1.276,5.818
201388.88888888888,153.01,0,39.86,3.02,1.502
139814.8148148148,66.52,1,19.96,2.922,10.486
254629.6296296296,98.29,1,29.49,0.543,9.328
130555.55555555555,72.46,1,21.74,2.58,11.236
203703.70370370368,86.12,1,25.31,0.744,13.173
139814.8148148148,55.74,1,16.72,1.758,5.412
204629.6296296296,138.8,0,41.64,1.691,11.499
189814.8148148148,110.18,1,21.4,1.646,11.352
140740.74074074073,96.62,0,28.99,3.982,8.817
208333.3333333333,103.31,1,24.97,4.586,1.876
332500.0,180.23,1,26.9,0.547,13.108
109722.22222222222,95.6,0,28.68,5.665,11.101
289814.8148148148,137.12,1,40.13,0.408,1.465
137037.03703703702,95.88,0,28.76,1.959,12.935
242129.6296296296,120.68,1,36.2,0.791,2.625
136111.1111111111,104.05,0,31.22,3.947,10.068
69907.4074074074,58.53,0,17.56,6.593,10.316
127314.8148148148,97.92,0,26.09,2.138,11.432
169629.6296296296,74.97,1,21.82,2.619,8.415
97685.18518518518,77.3,0,23.19,1.996,13.675
291493.5185185185,169.83,0,50.78,0.411,11.805
282407.4074074074,137.68,1,41.3,0.635,12.553
62037.03703703704,80.27,0,24.08,8.503,10.074
222222.22222222222,143.81,1,42.42,1.681,11.26
124999.99999999999,91.04,0,27.31,3.385,8.125
156018.5185185185,70.23,1,21.07,1.679,3.314
152916.66666666666,94.02,1,20.4,2.304,12.198
148148.14814814815,103.68,0,31.1,2.643,1.667
129537.03703703702,132.11,0,27.26,3.37,3.358
141666.66666666666,141.21,0,32.22,1.825,8.994
124999.99999999999,96.62,1,28.99,3.968,6.144
156018.5185185185,125.42,0,34.78,2.587,11.777
114814.8148148148,101.17,1,17.73,4.953,12.901
193981.48148148146,144.37,0,43.31,0.762,7.882
76388.88888888889,131.09,0,38.63,1.283,3.644
129074.07407407406,98.11,0,29.43,3.201,12.8
133333.3333333333,98.11,0,29.43,1.791,6.051
185185.18518518517,133.78,1,40.13,1.841,11.434
55555.555555555555,74.32,0,7.36,10.359,11.299
86111.11111111111,75.34,1,22.6,3.028,7.297
78703.7037037037,73.95,0,22.19,4.068,10.23
244963.88888888888,145.58,0,42.36,0.637,14.505
253703.70370370368,141.03,0,42.31,0.987,1.511
209259.25925925924,98.2,1,29.46,1.553,12.562
319444.44444444444,185.81,1,54.4,0.849,3.208
140740.74074074073,72.46,1,21.74,3.253,2.144
343405.55555555556,164.07,0,49.22,0.461,7.218
132638.88888888888,91.14,0,27.34,2.236,6.948
91018.51851851851,97.36,0,0.0,4.745,9.247
143518.5185185185,101.64,0,30.49,2.361,10.467
143518.5185185185,97.64,1,21.07,2.204,1.678
78240.74074074073,58.53,0,17.56,6.321,1.925
190694.44444444444,76.37,1,22.66,1.184,6.193
100000.0,70.14,1,21.04,5.154,12.569
176851.85185185185,84.45,1,24.53,1.941,14.553
124999.99999999999,70.23,1,21.07,2.217,8.565
324074.07407407404,196.3,0,58.78,0.911,14.857
81481.48148148147,48.77,1,14.63,2.101,3.946
134722.22222222222,97.83,0,29.35,3.148,10.594
137962.96296296295,79.06,1,21.63,1.629,8.287
90277.77777777777,84.73,1,25.42,1.58,12.989
154629.6296296296,138.05,0,41.42,3.298,3.67
183240.74074074073,106.1,1,22.1,1.563,9.463
372222.2222222222,156.63,1,45.4,0.652,13.453
101851.85185185184,129.32,0,38.8,2.991,7.912
127314.8148148148,109.72,0,31.72,5.355,8.24
391666.6666666666,194.82,0,57.89,0.882,2.918
213425.9259259259,135.08,1,39.19,0.803,4.628
119444.44444444444,136.1,1,28.46,2.686,5.937
179166.66666666666,155.98,0,39.24,1.839,13.354
155555.55555555553,133.5,0,33.11,4.045,2.118
127314.8148148148,109.63,0,19.51,6.352,1.516
160648.14814814815,68.56,1,20.57,2.164,10.285
95925.92592592591,64.75,1,18.73,2.79,13.445
152777.77777777778,112.23,0,33.67,2.985,13.694
238425.9259259259,170.85,0,41.17,1.958,8.975
129629.62962962962,105.54,0,31.66,2.432,4.894
137500.0,79.43,1,23.83,2.414,10.274
80555.55555555555,101.73,1,30.52,7.22,7.223
101388.88888888888,73.58,0,21.4,4.895,9.792
344907.40740740736,190.08,0,57.02,0.604,3.761
118981.48148148147,91.79,0,27.54,3.422,1.894
132407.4074074074,85.75,0,25.72,2.491,13.738
147624.07407407407,78.78,1,22.1,3.314,12.798
160185.18518518517,119.94,0,35.98,1.761,3.107
263888.8888888889,154.96,0,45.32,0.223,2.494
204629.6296296296,111.02,1,33.31,1.003,12.594
192129.6296296296,110.55,1,33.17,1.451,10.92
210995.37037037036,81.2,1,24.36,1.594,7.281
137777.77777777778,51.19,1,15.36,1.291,12.879
362962.9629629629,131.83,0,39.55,0.616,12.439
180277.77777777775,126.53,0,37.96,2.56,12.529
130555.55555555555,78.78,0,23.63,2.554,13.796
699074.074074074,227.05,1,68.12,0.145,12.329
310185.18518518517,115.01,1,33.72,1.687,1.028
100444.44444444444,99.68,0,29.91,4.848,9.96
131018.51851851851,99.13,1,25.84,4.576,2.321
162962.96296296295,105.63,0,30.99,2.438,13.524
82407.4074074074,57.23,0,17.17,4.322,12.53
114351.85185185184,106.65,0,27.31,4.867,9.49
128240.74074074073,83.06,0,24.92,3.85,0.144
181481.48148148146,129.23,0,38.77,1.545,10.622
289351.85185185185,167.23,0,50.17,0.824,5.151
129629.62962962962,108.14,0,32.44,1.908,10.647
335110.18518518517,117.43,1,34.39,0.913,14.466
129629.62962962962,95.88,1,10.03,3.143,10.076
197222.22222222222,137.87,0,41.05,1.166,6.466
50925.92592592592,34.56,1,0.0,5.923,12.284
279629.6296296296,169.46,0,45.79,1.749,3.518
235185.18518518517,123.0,0,36.9,0.785,5.921
166240.74074074073,67.63,1,20.29,1.289,12.44
101759.25925925926,83.98,0,24.41,3.249,9.001
48148.148148148146,67.73,0,7.53,9.377,4.675
95162.96296296296,79.8,1,23.94,7.099,6.609
175000.0,114.08,0,34.23,0.971,6.104
119444.44444444444,89.19,0,26.76,6.501,2.264
120833.33333333333,67.35,1,20.21,2.241,0.199
152777.77777777778,125.42,0,29.65,1.621,4.473
147685.18518518517,146.42,1,20.01,1.04,5.519
145370.37037037036,109.44,0,32.78,3.864,13.468
315740.74074074073,123.1,1,36.54,1.322,7.825
118981.48148148147,90.21,0,27.06,3.501,10.045
254629.6296296296,161.84,0,48.55,0.546,13.144
132407.4074074074,78.78,0,23.63,2.943,2.41
115277.77777777777,80.27,0,24.08,7.508,3.485
124999.99999999999,92.62,1,26.23,6.726,2.987
296296.2962962963,157.75,0,47.32,0.485,3.477
111574.07407407407,80.27,0,24.08,7.999,1.877
205555.55555555553,156.08,0,24.53,2.508,4.314
180092.59259259258,114.46,0,34.34,1.27,13.827
101851.85185185184,165.0,0,44.15,3.08,13.592
95370.37037037036,78.78,0,21.74,7.269,10.608
218981.48148148146,150.13,0,44.45,0.735,8.22
173611.1111111111,106.47,0,24.19,1.652,11.446
206018.5185185185,107.12,1,32.14,1.916,14.385
121666.66666666666,106.28,0,24.08,3.363,10.565
100000.0,88.07,0,26.42,4.171,11.228
150925.92592592593,81.75,1,24.53,1.635,2.779
86574.07407407407,96.62,0,0.0,8.983,6.336
222129.6296296296,83.71,1,24.89,0.546,8.365
165740.74074074073,111.48,0,33.45,3.696,9.783
175925.92592592593,80.27,1,24.08,1.333,3.9
122222.22222222222,71.35,1,7.36,4.34,6.759
131481.48148148146,84.73,0,25.42,2.787,10.334
165740.74074074073,125.33,0,37.6,1.33,6.07
162037.03703703702,136.01,0,14.49,4.387,12.256
166666.66666666666,124.21,0,37.26,0.644,4.359
277592.5925925926,109.16,1,31.83,0.973,5.608
218518.5185185185,91.04,1,26.53,1.814,9.425
246276.85185185182,122.63,1,34.56,1.55,3.66
241111.1111111111,159.79,0,47.94,1.455,13.345
90740.74074074073,101.08,1,0.0,5.944,5.544
89351.85185185184,73.58,1,16.05,5.97,5.219
150000.0,61.32,1,18.39,1.97,1.979
200925.92592592593,138.8,0,41.22,2.106,7.354
255092.59259259258,96.43,1,28.71,0.757,7.292
144444.44444444444,95.32,0,28.6,2.982,6.668
159722.22222222222,68.93,1,20.32,2.486,6.809
196296.2962962963,80.45,1,24.14,0.771,3.722
147129.6296296296,62.43,1,18.73,2.12,1.911
166111.1111111111,70.33,1,20.74,1.188,13.112
268518.5185185185,123.38,1,36.73,0.681,12.689
118055.55555555555,80.27,0,24.08,2.635,11.414
92592.59259259258,120.87,0,31.91,4.251,10.971
199259.25925925924,70.98,1,21.07,1.76,14.485
312037.037037037,117.8,1,34.89,0.602,2.817
249999.99999999997,138.8,0,41.64,0.775,1.719
244566.66666666666,139.91,0,41.75,0.478,13.981
181944.44444444444,91.04,1,27.31,1.438,8.602
148148.14814814815,91.32,1,27.4,2.547,8.578
200775.0,170.57,0,51.84,1.121,8.231
498148.1481481481,157.01,1,45.99,0.987,11.037
124907.4074074074,79.71,0,23.91,4.218,10.282
94444.44444444444,113.34,0,23.3,5.718,11.381
99074.07407407407,103.77,0,28.68,1.738,8.192
106018.51851851851,84.73,0,25.42,4.102,11.576
365740.74074074073,183.3,0,53.93,0.776,10.289
150000.0,111.86,0,33.56,1.64,12.647
205092.59259259258,149.95,0,44.98,1.992,11.843
131944.44444444444,83.06,0,24.08,4.826,2.79
133333.3333333333,187.66,0,0.0,3.923,10.889
124999.99999999999,93.27,0,27.17,1.676,10.403
162962.96296296295,116.41,0,34.48,1.832,11.008
162870.37037037036,75.25,1,21.21,2.248,7.214
173240.74074074073,132.85,0,39.38,1.717,9.304
153240.74074074073,103.12,0,30.57,4.018,13.391
118518.51851851851,68.93,1,20.68,1.91,4.089
149537.03703703702,124.68,0,38.24,2.752,10.537
128703.7037037037,89.74,1,19.12,4.96,12.911
215740.74074074073,88.82,1,26.64,1.244,3.068
99907.4074074074,83.71,0,25.11,6.654,9.381
173611.1111111111,90.67,1,23.19,2.075,9.181
148333.3333333333,106.37,0,31.91,1.922,14.81
135925.92592592593,98.66,0,28.68,2.262,8.414
249805.55555555553,104.7,1,31.13,1.879,4.32
208333.3333333333,138.98,0,41.69,0.932,2.459
180092.59259259258,100.89,1,19.84,1.276,9.353
158333.3333333333,82.5,1,18.12,2.685,2.999
132870.37037037036,119.38,0,18.39,2.122,2.86
101851.85185185184,71.81,0,21.54,4.868,7.507
449074.07407407404,182.65,1,53.68,0.352,12.363
162037.03703703702,91.14,1,20.37,4.641,10.584
185185.18518518517,57.23,1,17.17,1.924,10.542
101759.25925925926,111.11,0,33.33,5.896,1.715
175000.0,67.63,1,20.29,1.587,14.502
539752.7777777778,161.09,1,48.33,0.5,12.205
109259.25925925926,104.79,0,26.09,3.979,8.372
210814.8148148148,132.67,0,39.49,1.149,2.057
125462.96296296295,91.04,0,27.31,4.077,14.268
206944.44444444444,99.59,1,36.9,3.69,9.463
148101.85185185185,100.89,0,28.54,4.104,10.92
98148.14814814815,99.87,1,23.66,4.087,10.334
167592.59259259258,121.61,0,28.99,2.183,8.793
133796.2962962963,78.78,0,23.63,1.983,6.748
51845.370370370365,96.99,0,15.05,3.377,11.688
146203.7037037037,133.97,0,40.19,2.546,2.253
107407.4074074074,63.73,1,19.12,4.144,4.822
208240.74074074073,154.31,0,45.96,1.234,8.872
126851.85185185184,93.65,0,28.09,4.551,7.421
250925.9259259259,156.91,0,43.7,0.522,8.046
143518.5185185185,97.73,0,28.15,2.617,8.902
207407.4074074074,126.16,0,37.85,1.705,2.52
169444.44444444444,74.14,1,22.24,1.811,3.376
86111.11111111111,86.96,0,26.09,6.158,1.064
208333.3333333333,78.69,1,23.61,1.664,10.322
129166.66666666666,87.7,1,21.68,2.731,9.984
215370.37037037036,138.33,0,41.5,0.99,1.274
356481.48148148146,193.61,0,57.92,0.15,1.193
101388.88888888888,72.84,0,21.85,3.074,5.58
175000.0,133.22,0,40.52,1.502,12.118
171296.2962962963,107.77,1,28.23,4.18,11.423
136481.48148148146,48.31,1,16.72,1.87,3.581
153703.7037037037,129.32,0,38.8,2.811,7.389
139814.8148148148,48.31,1,16.72,1.44,9.136
219444.44444444444,87.42,1,26.23,1.526,12.101
154629.6296296296,140.84,0,42.25,2.185,3.595
129583.33333333333,106.28,0,31.88,4.445,3.881
118518.51851851851,99.13,0,29.74,6.23,11.773
142129.6296296296,144.84,0,43.45,4.31,10.727
92592.59259259258,44.87,1,13.46,1.732,5.263
133333.3333333333,102.1,0,30.63,3.939,4.442
120833.33333333333,71.35,1,21.4,4.938,7.254
129629.62962962962,75.25,1,18.73,2.008,1.488
145833.3333333333,89.0,1,18.12,4.385,9.735
161944.44444444444,108.23,0,31.41,2.475,12.026
130555.55555555555,167.23,0,50.17,4.704,12.641
142500.0,81.38,1,24.41,4.705,14.643
158333.3333333333,158.03,0,38.74,4.719,0.185
197222.22222222222,93.46,1,20.62,1.38,1.766
123611.11111111111,80.27,0,24.08,3.633,11.618
222222.22222222222,121.42,1,25.28,2.578,11.905
173148.14814814815,101.64,1,14.72,2.639,11.19
121759.25925925926,78.78,0,23.63,2.809,4.17
199074.07407407407,135.27,0,35.48,0.518,7.718
151851.85185185185,85.28,1,25.59,1.068,14.311
146296.2962962963,134.24,0,31.41,2.447,9.459
157407.4074074074,165.27,0,49.14,4.842,14.455
117592.59259259258,96.62,0,28.99,4.995,12.441
136111.1111111111,95.32,0,26.2,2.62,9.385
161111.1111111111,65.22,1,19.57,2.151,12.486
140740.74074074073,127.28,0,30.38,1.098,7.595
231481.48148148146,140.47,1,29.38,2.451,0.57
175879.6296296296,84.73,1,25.42,1.873,8.7
121759.25925925926,96.53,0,28.96,3.887,3.791
140740.74074074073,101.91,0,28.99,2.541,5.297
122685.18518518518,106.65,0,32.0,4.807,2.212
232018.5185185185,127.46,0,38.24,1.046,8.348
137500.0,93.09,0,27.93,4.592,11.823
230462.96296296295,152.92,0,45.65,0.647,14.983
119444.44444444444,104.05,0,28.99,6.125,11.516
156481.48148148146,143.72,1,0.0,3.291,11.432
218518.5185185185,98.66,1,29.26,1.531,11.672
101388.88888888888,83.06,0,24.92,4.132,1.232
185648.14814814815,74.69,1,22.41,2.689,9.602
107407.4074074074,84.54,0,2.93,3.34,13.769
123148.14814814815,96.25,0,23.19,3.158,10.223
61574.07407407407,62.8,1,18.84,4.742,13.159
280997.2222222222,110.0,1,33.0,0.81,11.223
122453.7037037037,96.62,0,29.65,5.722,13.343
324074.07407407404,135.82,1,40.75,0.474,6.932
137037.03703703702,107.3,0,30.91,3.286,4.168
126388.88888888888,80.27,0,24.08,3.922,5.871
145370.37037037036,101.26,0,30.38,3.508,11.189
173611.1111111111,110.28,1,32.22,1.255,3.862
164814.8148148148,75.07,1,22.52,1.514,3.956
109722.22222222222,88.63,1,22.16,7.414,14.463
92592.59259259258,82.87,0,24.86,4.802,1.621
304537.037037037,158.77,0,47.32,0.403,2.433
134259.25925925924,159.05,0,45.32,3.316,12.267
125462.96296296295,81.01,1,22.74,3.883,10.253
248148.14814814815,205.97,0,61.79,0.673,13.321
138425.92592592593,139.82,0,41.95,2.381,11.857
113796.29629629629,62.43,1,18.73,4.278,12.544
159722.22222222222,85.28,1,25.59,2.136,11.297
143055.55555555553,99.22,0,29.52,1.875,4.775
152777.77777777778,128.48,0,38.55,4.691,1.672
110053.7037037037,142.61,0,0.0,3.398,1.739
129629.62962962962,91.32,1,21.74,2.077,11.736
98611.11111111111,88.35,0,26.51,6.45,3.896
132363.88888888888,104.05,1,0.0,3.474,11.305
566349.074074074,219.62,0,64.94,0.372,7.407
124999.99999999999,114.83,0,25.42,4.15,11.32
101851.85185185184,79.71,0,23.91,7.978,6.677
141666.66666666666,121.33,0,27.65,3.59,1.333
166666.66666666666,74.97,1,21.82,1.978,5.25
222222.22222222222,155.15,0,46.54,1.658,4.577
116203.7037037037,83.8,0,24.41,3.549,14.974
118518.51851851851,98.76,0,29.43,4.132,1.634
236111.1111111111,151.99,0,45.23,0.843,11.791
231481.48148148146,94.76,1,28.34,1.745,2.877
121296.29629629629,83.8,0,24.08,3.098,5.63
161111.1111111111,68.93,1,20.68,2.41,10.928
142870.37037037036,102.66,1,30.8,3.993,11.121
132870.37037037036,117.8,0,35.34,4.808,1.449
81481.48148148147,94.3,0,21.4,3.572,4.971
134259.25925925924,93.0,1,27.9,4.598,5.169
160863.88888888888,56.86,1,17.06,2.411,10.033
69444.44444444444,50.73,1,15.22,6.057,8.172
32695.37037037037,44.59,0,13.38,11.273,7.389
124999.99999999999,114.18,0,31.61,6.863,1.19
220370.37037037036,84.73,1,30.77,1.678,7.161
163425.92592592593,131.36,0,33.0,2.581,7.461
186111.1111111111,86.96,1,25.86,2.489,2.995
135092.59259259258,118.17,1,35.45,4.677,11.127
157398.14814814815,122.26,0,36.68,2.442,1.716
178703.70370370368,150.22,0,44.7,2.855,6.356
192129.6296296296,156.63,0,46.99,2.47,2.78
162037.03703703702,104.61,0,31.38,3.618,6.016
263888.8888888889,114.64,1,32.92,0.72,2.227
162962.96296296295,102.01,1,23.19,1.58,11.131
218981.48148148146,166.11,0,48.86,0.866,9.385
205555.55555555553,92.25,1,26.87,1.09,14.181
186111.1111111111,136.2,0,40.86,0.648,5.311
108796.29629629629,85.94,0,25.78,4.495,2.609
296296.2962962963,176.98,0,53.09,0.253,3.809
175925.92592592593,139.35,0,41.81,1.132,11.316
224074.07407407407,192.22,0,16.3,1.539,0.618
73981.48148148147,69.4,0,16.72,7.914,14.368
171203.70370370368,111.48,0,32.78,1.531,4.596
234259.25925925924,103.4,1,31.02,1.913,9.979
222036.1111111111,129.23,1,38.77,1.83,2.517
226296.2962962963,112.13,1,28.76,1.257,9.102
139722.22222222222,160.54,0,48.16,2.737,11.763
198148.14814814815,94.95,1,27.65,1.482,4.004
138888.88888888888,133.78,0,40.13,7.419,4.966
132407.4074074074,151.62,0,45.49,4.493,8.961
127314.8148148148,124.86,0,22.83,2.008,14.89
115648.14814814815,110.37,1,30.32,3.23,4.703
132407.4074074074,106.28,0,31.88,4.926,11.391
249999.99999999997,151.34,0,45.04,0.57,8.549
178240.74074074073,86.96,1,26.09,1.967,14.822
182870.37037037036,128.3,0,32.36,2.79,4.84
119444.44444444444,80.27,0,24.08,4.448,12.867
111018.51851851851,89.65,0,23.08,4.96,1.426
123981.48148148147,71.35,0,21.4,4.935,14.155
159259.25925925924,108.51,1,21.85,4.609,1.695
118055.55555555555,91.04,0,26.34,2.049,5.597
134259.25925925924,90.95,1,27.29,2.686,4.165
114814.8148148148,52.12,1,15.64,1.521,4.918
122222.22222222222,98.2,0,29.46,4.073,13.343
171296.2962962963,124.21,0,37.26,1.455,3.951
143518.5185185185,64.66,1,19.4,1.673,9.15
107870.37037037036,79.71,0,23.91,4.345,9.417
251851.85185185182,143.26,1,37.07,2.377,1.059
143518.5185185185,74.69,1,22.41,2.734,11.707
221296.2962962963,167.23,0,50.17,0.482,14.531
198981.48148148146,76.55,1,22.77,1.108,8.269
165648.14814814815,72.74,1,21.82,1.851,1.8
148148.14814814815,90.67,1,20.29,3.05,5.225
124999.99999999999,102.01,0,30.6,4.768,9.058
35092.59259259259,55.74,1,16.72,9.123,14.496
129629.62962962962,101.73,0,16.39,2.873,11.471
124999.99999999999,66.89,1,20.07,5.664,5.011
160185.18518518517,70.98,1,21.29,1.063,2.972
92129.62962962962,85.28,0,25.59,2.736,11.254
168518.5185185185,132.67,0,39.8,1.909,7.886
155092.59259259258,105.54,1,20.29,1.302,1.982
152777.77777777778,62.52,1,18.76,1.408,12.411
79166.66666666666,80.73,0,12.26,5.419,5.332
185092.59259259258,115.29,0,34.59,1.946,11.69
101851.85185185184,83.06,0,24.92,5.913,11.732
128703.7037037037,104.14,0,31.24,3.985,11.577
165185.18518518517,92.81,0,26.31,1.097,4.446
311111.11111111107,118.54,1,34.14,0.944,7.876
148050.92592592593,117.62,0,35.28,1.136,13.471
236944.44444444444,106.75,1,31.44,0.727,4.966
116666.66666666666,120.96,1,0.0,4.341,2.27
115740.74074074073,108.14,0,32.44,4.486,1.777
108333.33333333333,93.0,1,13.52,2.919,11.266
365918.5185185185,180.23,0,53.79,0.326,7.806
180555.55555555553,103.87,1,23.63,2.613,11.081
182407.4074074074,72.28,1,21.46,1.155,14.024
322222.2222222222,130.71,1,38.91,0.707,9.08
155555.55555555553,85.1,1,25.53,0.55,13.278
173148.14814814815,94.76,1,22.91,2.234,13.358
161018.5185185185,69.68,1,20.9,2.112,10.632
312500.0,159.61,0,47.38,0.195,1.8
112592.59259259258,71.91,1,20.82,5.098,10.539
126388.88888888888,97.55,0,29.26,3.741,9.503
171296.2962962963,133.97,0,40.19,2.165,0.611
84259.25925925926,100.06,0,28.07,9.901,14.928
190740.74074074073,112.23,0,33.08,1.855,1.684
75925.92592592593,87.7,0,0.0,8.199,13.599
79629.62962962962,64.2,0,19.26,4.371,14.107
214814.8148148148,146.23,0,43.87,0.772,2.077
126763.88888888888,156.08,0,46.82,4.956,10.728
167592.59259259258,139.73,0,37.51,1.359,9.066
138796.2962962963,91.51,0,27.45,3.796,4.475
151388.88888888888,153.94,0,46.18,1.785,1.994
81481.48148148147,50.73,1,15.22,5.366,10.032
222222.22222222222,158.86,0,47.66,1.848,8.214
94444.44444444444,93.65,0,28.09,3.909,4.733
124999.99999999999,66.89,1,20.07,4.326,9.146
92592.59259259258,154.59,0,0.0,4.283,9.512
152777.77777777778,83.61,1,16.78,2.396,11.236
78703.7037037037,94.95,0,28.48,3.043,11.181
110370.37037037036,100.52,0,30.16,2.68,14.197
210185.18518518517,75.25,1,22.58,0.622,2.207
187962.96296296295,139.73,0,41.92,1.126,7.718
173611.1111111111,126.35,0,34.0,0.782,6.472
148148.14814814815,74.51,1,10.7,1.069,12.096
197675.92592592593,139.91,0,37.96,1.765,4.151
162962.96296296295,105.17,0,31.55,5.621,5.452
179629.6296296296,113.34,0,33.42,1.216,4.922
80555.55555555555,84.73,1,25.42,4.739,5.421
176851.85185185185,139.73,0,37.51,1.329,14.127
265740.74074074073,269.23,0,43.62,0.574,13.385
104166.66666666666,81.94,0,24.58,4.801,14.692
155092.59259259258,117.43,0,35.34,3.006,10.699
271367.5925925926,152.92,0,45.65,0.929,7.199
97222.22222222222,89.93,1,21.4,3.289,12.157
109259.25925925926,62.43,1,18.73,1.695,9.842
148148.14814814815,88.07,1,19.12,3.501,7.286
182407.4074074074,156.73,1,22.97,1.174,6.133
287037.037037037,125.6,1,37.29,0.831,13.243
212962.96296296295,153.66,0,46.1,1.026,14.991
110879.62962962962,88.63,0,25.64,3.03,10.509
77777.77777777777,78.5,0,0.0,7.37,11.467
292129.6296296296,150.5,0,45.15,0.271,10.695
265740.74074074073,98.01,1,29.4,0.662,12.267
89814.8148148148,74.14,1,15.22,5.523,9.013
74074.07407407407,58.53,0,17.56,5.157,14.249
143518.5185185185,167.5,0,31.61,4.483,3.646
160185.18518518517,74.32,1,22.3,2.289,11.294
181481.48148148146,121.33,0,36.4,2.618,7.741
242851.85185185182,142.33,1,41.11,1.476,5.46
257407.4074074074,234.49,0,70.35,0.889,1.693
129259.25925925926,161.0,0,0.0,9.026,1.636
515352.77777777775,185.06,1,55.52,0.233,13.665
134259.25925925924,91.97,0,27.59,4.008,12.122
106481.48148148147,164.53,0,0.0,4.891,3.136
78611.11111111111,86.4,0,0.0,5.13,13.424
163412.03703703702,120.96,0,36.29,1.783,5.841
185315.74074074073,122.26,0,36.68,1.867,11.175
152777.77777777778,104.7,1,22.74,2.282,12.136
133796.2962962963,141.77,0,33.89,3.916,12.346
236111.1111111111,101.36,1,29.68,0.982,11.538
166666.66666666666,141.49,0,33.25,1.591,6.711
172083.3333333333,126.72,0,38.02,1.479,6.313
229629.6296296296,90.95,1,27.12,1.402,8.072
310185.18518518517,104.98,1,30.77,0.406,2.594
203703.70370370368,101.82,1,23.8,2.235,14.73
197685.18518518517,124.3,0,37.29,0.955,8.093
75000.0,83.06,0,24.92,8.147,9.684
83333.33333333333,132.11,1,18.45,3.162,8.952
102314.8148148148,102.47,0,30.74,2.412,12.504
142592.59259259258,107.21,0,32.16,3.131,10.845
303703.7037037037,121.33,1,36.4,1.275,14.427
164814.8148148148,74.23,1,22.27,2.45,14.911
155462.96296296295,74.14,1,21.74,2.323,7.158
140185.18518518517,119.94,1,26.25,1.988,7.313
124999.99999999999,82.96,0,23.55,4.989,14.879
124999.99999999999,97.36,0,29.21,4.061,12.072
142592.59259259258,77.02,1,20.26,2.181,2.516
84722.22222222222,93.09,1,22.58,4.211,14.038
147685.18518518517,64.85,1,19.23,1.649,13.19
179629.6296296296,115.2,0,34.56,1.702,5.368
203240.74074074073,89.19,1,22.3,1.853,5.853
157407.4074074074,101.82,1,22.19,4.302,5.711
128518.51851851851,101.82,0,30.55,4.538,3.667
144351.85185185185,78.78,0,23.63,2.581,9.363
116666.66666666666,91.97,0,27.59,3.43,1.136
134259.25925925924,116.87,0,35.06,2.177,9.642
123148.14814814815,96.62,0,28.99,3.457,10.582
177777.77777777775,135.55,0,40.66,1.339,6.751
148148.14814814815,116.22,0,34.87,2.18,3.091
173611.1111111111,64.2,1,19.26,2.124,12.625
136111.1111111111,92.53,0,26.09,1.643,3.859
77314.8148148148,50.73,1,15.22,6.28,1.586
233333.3333333333,100.52,1,30.16,0.833,12.305
127314.8148148148,90.12,1,27.03,1.374,1.55
182407.4074074074,115.85,0,34.76,0.576,5.153
86018.51851851851,96.62,0,0.0,9.846,14.968
148148.14814814815,57.97,1,16.72,1.067,3.327
126388.88888888888,129.14,1,32.92,2.748,8.516
135185.18518518517,111.48,0,24.08,3.186,11.42
119444.44444444444,86.96,0,26.09,3.193,8.822
163362.96296296295,122.07,0,36.62,2.608,8.36
117592.59259259258,71.81,1,19.06,2.718,11.681
157407.4074074074,101.08,0,29.93,0.778,1.706
118518.51851851851,70.33,1,18.73,6.759,5.47
145370.37037037036,148.74,0,35.42,1.562,1.766
55555.555555555555,40.69,0,8.08,10.659,14.794
110648.14814814815,88.26,0,26.48,3.244,13.576
124999.99999999999,105.35,0,28.15,3.707,3.9
147685.18518518517,110.93,0,18.26,2.498,8.663
98148.14814814815,58.53,1,17.56,4.501,11.266
300925.9259259259,139.35,1,40.78,0.934,8.579
166574.07407407407,133.97,0,25.36,1.721,11.498
254374.99999999997,82.4,1,24.19,1.968,11.781
167592.59259259258,88.07,1,25.75,2.401,1.791
259259.25925925924,170.57,0,51.17,0.676,2.581
174074.07407407407,71.81,1,21.54,2.367,4.109
189814.8148148148,102.01,1,22.38,1.213,4.007
120277.77777777777,75.81,0,22.74,4.313,2.578
124537.03703703702,93.65,0,28.09,3.448,5.091
108333.33333333333,77.39,0,23.22,3.216,7.095
294444.44444444444,161.09,0,48.33,0.923,7.095
170462.96296296295,72.37,1,11.37,0.684,3.3
120370.37037037036,83.06,0,24.92,4.525,11.114
129629.62962962962,94.85,1,14.86,4.148,9.777
123796.29629629629,96.62,0,28.99,4.614,4.824
109629.62962962962,94.02,0,28.21,2.768,14.805
197129.6296296296,144.19,0,43.26,1.975,10.348
103703.7037037037,89.19,0,18.73,7.455,14.263
109259.25925925926,64.85,0,19.45,4.227,7.814
151759.25925925924,75.44,1,10.7,1.643,11.604
106481.48148148147,93.37,0,28.01,5.079,9.954
161111.1111111111,144.46,0,38.27,1.929,13.64
239814.8148148148,142.14,0,42.64,1.829,5.346
199074.07407407407,78.69,1,23.61,1.267,6.666
129629.62962962962,86.96,0,26.09,3.361,13.878
124999.99999999999,123.38,1,31.27,7.108,4.504
86574.07407407407,90.49,0,27.15,3.618,6.912
108796.29629629629,109.44,1,28.09,2.01,4.652
221759.25925925924,106.1,1,31.44,0.503,1.638
156481.48148148146,85.1,1,25.53,2.805,14.385
94444.44444444444,91.6,0,26.76,2.349,1.11
110185.18518518518,95.88,1,28.76,2.101,8.739
87037.03703703704,72.46,1,21.74,3.284,11.08
181481.48148148146,145.58,0,43.67,2.45,13.083
133333.3333333333,108.42,0,25.5,3.061,14.831
128703.7037037037,88.44,0,26.53,4.492,11.051
182870.37037037036,101.08,1,21.74,3.43,1.499
393398.14814814815,136.2,1,40.86,0.71,13.636
74074.07407407407,93.46,0,28.04,3.682,3.786
74074.07407407407,62.43,1,18.73,6.11,9.91
137962.96296296295,96.8,1,29.04,4.443,5.368
166666.66666666666,120.59,0,36.18,2.665,13.988
161574.07407407407,79.9,1,19.62,1.568,1.882
108240.74074074073,53.14,1,15.94,1.085,9.367
132407.4074074074,77.3,1,18.12,1.053,12.807
114814.8148148148,86.59,0,25.98,1.736,14.287
138796.2962962963,136.2,0,40.86,4.236,3.5
212962.96296296295,168.25,0,29.91,2.511,11.17
111574.07407407407,75.81,0,22.74,1.908,1.114
186851.85185185185,83.8,1,24.08,1.662,4.394
201851.85185185182,133.5,0,40.05,3.971,6.178
166574.07407407407,117.52,0,33.97,3.884,9.922
212962.96296296295,122.07,0,36.62,1.273,12.013
217711.1111111111,146.79,0,44.04,0.877,10.905
171296.2962962963,87.61,1,25.11,1.671,2.903
135185.18518518517,79.43,1,23.83,2.145,5.666
207407.4074074074,152.36,0,36.12,1.925,1.122
119444.44444444444,83.06,0,24.92,4.357,12.945
100887.96296296296,116.87,0,33.39,6.46,10.861
179629.6296296296,133.04,0,37.9,4.334,10.92
215898.14814814815,139.54,0,41.86,1.045,11.049
227175.9259259259,157.38,0,47.21,0.698,9.909
160185.18518518517,89.09,1,26.73,2.399,2.252
217592.59259259258,114.83,1,31.41,1.512,6.641
578703.7037037037,170.11,1,53.79,0.13,9.313
158333.3333333333,103.87,0,30.55,1.817,1.568
150925.92592592593,117.15,0,35.15,1.706,11.128
159166.66666666666,58.06,1,17.42,1.256,4.901
185648.14814814815,151.99,1,44.54,3.656,5.209
221296.2962962963,108.7,1,26.53,1.512,1.885
263888.8888888889,197.79,1,46.91,0.874,14.49
110648.14814814815,85.75,0,24.41,3.351,7.138
106481.48148148147,75.99,1,22.8,2.07,12.103
143425.92592592593,76.18,1,20.37,4.407,14.878
86111.11111111111,104.42,0,0.0,4.001,12.149
231481.48148148146,120.59,1,33.89,1.833,12.445
363425.9259259259,153.48,0,44.59,0.903,2.814
689814.8148148147,223.99,1,66.78,0.107,4.077
111111.11111111111,104.98,0,31.22,4.724,11.493
172870.37037037036,146.04,0,43.81,3.085,8.881
97129.62962962962,88.16,1,21.85,3.037,11.279
87962.96296296296,94.2,1,27.26,9.842,14.105
242592.59259259258,150.87,0,45.26,0.931,10.399
180555.55555555553,77.2,1,23.16,1.576,13.551
175000.0,95.5,1,27.7,1.573,13.174
155555.55555555553,150.69,0,34.81,7.128,10.029
161111.1111111111,70.98,1,21.63,0.709,2.907
115740.74074074073,78.22,1,19.57,3.23,8.372
152777.77777777778,113.71,0,34.11,1.531,8.073
146296.2962962963,61.59,1,18.48,1.987,7.107
162962.96296296295,67.63,1,20.29,2.702,14.184
202972.22222222222,81.66,1,24.5,1.618,8.465
133333.3333333333,75.72,1,22.71,1.832,13.145
164814.8148148148,112.6,0,33.78,1.92,13.461
137037.03703703702,128.39,0,29.29,5.264,12.013
107453.7037037037,80.27,0,24.08,7.533,2.13
183240.74074074073,80.45,1,24.14,1.243,9.627
108333.33333333333,82.13,1,24.64,4.178,5.969
197222.22222222222,151.43,0,45.43,1.524,11.313
142129.6296296296,99.78,0,29.43,3.792,2.47
251759.25925925924,204.01,0,60.15,1.31,1.095
99074.07407407407,98.11,0,29.43,6.019,10.714
185185.18518518517,157.94,0,46.88,2.0,10.161
129629.62962962962,119.19,0,25.95,3.336,10.065
268518.5185185185,154.22,0,46.27,0.755,3.208
175000.0,98.01,1,29.4,1.671,10.211
151851.85185185185,100.34,1,15.58,0.755,13.509
104629.62962962962,62.43,0,18.73,7.718,13.047
134259.25925925924,89.19,0,18.06,6.048,8.589
124537.03703703702,92.81,0,25.78,4.455,5.894
115740.74074074073,83.06,0,24.92,4.638,13.452
103703.7037037037,122.45,1,0.0,2.723,0.194
212459.25925925924,122.07,0,36.23,0.618,12.043
74537.03703703704,62.43,1,0.0,5.439,7.396
84722.22222222222,62.43,1,18.73,1.796,2.396
106481.48148148147,84.73,0,25.42,4.205,6.823
124074.07407407407,112.51,0,26.53,4.52,11.502
132407.4074074074,108.51,1,28.99,2.483,12.649
127685.18518518518,198.44,0,59.53,3.354,6.195
170370.37037037036,73.21,1,21.96,1.773,2.006
134259.25925925924,105.72,0,16.39,2.241,11.939
198148.14814814815,83.06,1,24.92,2.632,10.631
136111.1111111111,84.73,0,25.42,4.52,8.927
340087.037037037,158.12,0,47.44,0.335,4.801
117592.59259259258,140.0,0,29.96,4.848,14.23
175925.92592592593,126.44,1,37.93,4.129,10.405
122685.18518518518,110.55,0,30.83,4.271,12.729
94259.25925925926,113.71,0,0.0,6.874,6.493
131481.48148148146,110.37,0,33.11,4.728,11.203
120370.37037037036,95.13,1,26.2,4.254,14.182
128599.07407407406,82.87,1,20.82,3.302,2.374
162500.0,70.98,1,21.29,1.068,3.935
180555.55555555553,78.69,1,23.61,1.442,3.722
131944.44444444444,106.0,0,31.8,1.954,0.12
246203.70370370368,137.87,0,41.14,0.637,11.487
208240.74074074073,82.13,1,24.64,1.056,4.995
229933.3333333333,156.91,0,47.07,1.507,8.539
157407.4074074074,108.98,0,29.35,1.31,2.786
430555.5555555555,192.87,0,57.86,0.145,8.184
212962.96296296295,73.58,1,22.07,0.528,5.144
164814.8148148148,105.91,1,16.3,2.748,11.132
172685.18518518517,70.23,1,21.07,1.077,6.109
157314.8148148148,96.06,0,28.21,2.796,2.454
119907.4074074074,105.35,1,20.49,2.783,7.749
110185.18518518518,91.79,0,24.41,4.23,4.457
225925.9259259259,196.03,0,58.81,1.507,1.154
159027.77777777778,130.53,0,39.16,1.463,7.471
120370.37037037036,81.2,0,24.08,4.109,9.568
272222.2222222222,140.84,1,33.22,1.792,11.611
153148.14814814815,70.61,1,20.79,1.896,11.171
118055.55555555555,89.09,1,24.64,2.175,1.47
279166.6666666666,184.6,0,55.35,0.905,6.628
92500.0,80.27,0,24.08,4.304,10.665
175925.92592592593,108.32,0,23.86,1.322,12.937
139814.8148148148,97.92,0,29.38,2.213,10.114
167592.59259259258,82.87,1,23.44,1.726,1.852
119351.85185185184,97.55,0,29.26,3.124,8.928
149537.03703703702,102.56,1,30.77,5.311,12.44
167129.6296296296,98.48,1,21.29,2.849,10.44
167592.59259259258,124.21,0,39.16,2.015,9.859
170277.77777777778,66.24,1,19.26,1.714,8.954
112962.96296296295,89.56,1,25.78,1.505,11.98
350462.9629629629,187.48,0,55.8,0.252,13.398
352777.77777777775,182.83,1,20.29,0.624,7.059
133333.3333333333,81.2,1,24.36,3.876,11.931
240740.74074074073,123.75,1,37.12,1.439,12.869
171990.74074074073,138.33,0,41.5,2.284,1.397
126851.85185185184,86.86,0,26.06,3.317,7.158
163888.88888888888,126.07,0,28.4,2.059,1.447
128703.7037037037,61.41,1,18.42,3.566,12.514
126851.85185185184,86.21,1,25.86,3.818,10.213
150000.0,68.28,1,20.15,2.008,5.575
183240.74074074073,160.16,0,46.82,2.397,13.565
219444.44444444444,104.79,1,31.44,0.895,13.919
63333.33333333333,64.85,1,19.45,6.942,3.795
210185.18518518517,146.14,0,43.84,1.066,8.641
166666.66666666666,124.4,0,36.48,1.095,5.805
139351.85185185185,96.62,0,28.99,4.357,11.073
128703.7037037037,84.73,1,25.42,1.926,7.738
156481.48148148146,157.84,1,22.41,2.586,11.298
122685.18518518518,76.64,1,21.74,2.485,10.743
132407.4074074074,123.38,0,37.01,2.86,11.977
175925.92592592593,146.97,0,45.26,4.747,5.697
257407.4074074074,154.13,0,41.83,0.667,1.087
260185.18518518517,104.05,1,30.24,0.791,5.052
167129.6296296296,107.02,0,32.11,3.283,1.227
110648.14814814815,58.53,1,17.56,3.7,1.875
99537.03703703704,128.02,1,27.7,4.935,1.455
150833.3333333333,77.3,1,23.19,1.698,4.401
106481.48148148147,80.27,0,24.08,3.784,9.268
128240.74074074073,97.73,0,29.32,4.19,10.222
143518.5185185185,104.79,0,31.22,4.876,7.025
129629.62962962962,99.59,0,15.25,1.964,11.998
148148.14814814815,435.9,1,170.29,0.138,11.107
142592.59259259258,115.76,0,34.73,4.583,6.149
208333.3333333333,93.37,1,27.26,1.813,11.136
164351.85185185185,69.96,1,21.49,2.505,13.557
268518.5185185185,111.76,1,32.47,0.914,13.814
214814.8148148148,150.13,0,45.04,1.739,6.73
120370.37037037036,90.67,1,27.2,1.685,11.463
300925.9259259259,153.48,0,46.04,0.358,11.022
187500.0,127.09,0,38.13,1.646,5.47
127777.77777777777,91.97,0,27.59,3.847,3.72
136111.1111111111,104.24,0,25.75,3.724,10.556
165925.92592592593,120.22,0,35.62,2.044,1.585
310185.18518518517,176.7,0,53.01,1.18,0.517
187962.96296296295,118.36,0,35.51,1.214,14.948
279629.6296296296,134.99,1,40.5,0.974,8.531
308488.8888888889,132.11,1,38.82,0.346,6.404
110185.18518518518,88.07,0,26.42,5.68,7.87
191574.07407407407,101.45,1,26.53,1.706,3.785
273604.6296296296,151.43,0,45.21,0.539,3.257
193425.92592592593,125.6,0,37.68,1.844,6.59
254629.6296296296,166.02,0,48.86,0.551,11.3
102777.77777777777,88.07,0,24.08,7.313,13.13
144907.4074074074,137.31,0,41.19,2.753,1.598
67129.62962962962,66.89,0,0.0,9.767,10.709
175925.92592592593,98.57,1,20.9,1.038,11.754
76388.88888888889,65.78,0,11.71,6.01,8.315
136111.1111111111,166.76,0,50.03,0.883,13.531
50925.92592592592,73.95,0,22.19,5.393,6.573
73148.14814814815,71.91,0,15.16,8.753,10.416
120833.33333333333,75.81,0,22.74,3.324,13.13
237037.03703703702,147.16,1,42.09,2.747,8.054
163425.92592592593,88.72,1,26.06,1.771,2.703
210185.18518518517,147.53,0,44.26,0.905,1.696
122685.18518518518,88.63,0,25.39,3.331,2.72
92592.59259259258,75.81,0,22.74,6.313,9.26
116203.7037037037,74.6,1,22.38,3.822,14.294
115740.74074074073,71.07,1,21.32,4.353,3.523
155462.96296296295,123.93,0,37.63,1.856,6.822
124999.99999999999,153.85,0,46.15,3.888,10.106
48611.11111111111,64.38,0,19.31,5.855,10.549
185185.18518518517,85.47,1,25.53,1.749,4.544
118981.48148148147,80.27,0,24.08,3.898,1.166
113888.88888888888,81.01,0,23.91,6.602,10.736
143518.5185185185,103.49,0,31.05,1.964,0.18
211574.07407407407,119.29,1,35.79,0.904,5.545
163888.88888888888,108.88,1,24.97,2.204,13.63
144291.66666666666,67.63,1,20.29,1.835,13.805
100462.96296296296,89.19,0,26.76,6.104,12.954
243055.55555555553,200.3,0,43.7,1.947,1.626
262465.74074074073,165.0,0,48.27,0.992,5.258
199074.07407407407,138.8,0,41.3,1.462,12.043
112962.96296296295,87.14,1,19.06,0.641,5.757
185185.18518518517,124.3,1,34.78,3.764,14.959
158333.3333333333,79.71,1,23.91,2.291,13.672
124907.4074074074,73.02,1,19.45,2.949,4.83
379629.6296296296,190.73,1,56.66,0.908,13.286
217592.59259259258,92.16,1,27.65,1.801,2.314
157407.4074074074,113.53,1,15.89,1.138,5.115
101851.85185185184,82.87,0,24.08,3.5,6.195
138796.2962962963,100.15,0,30.04,4.282,13.435
164351.85185185185,71.44,1,21.07,2.811,11.133
291666.6666666666,183.95,0,55.18,0.366,10.325
175000.0,91.97,1,17.06,3.205,11.492
240740.74074074073,142.14,0,42.64,1.846,7.798
97129.62962962962,119.01,1,19.93,7.553,10.568
145307.4074074074,57.23,1,17.17,1.928,3.006
133474.07407407407,48.31,1,16.72,1.763,11.679
200000.0,75.62,1,22.69,1.273,6.321
178703.70370370368,81.94,1,24.33,1.905,6.853
117592.59259259258,85.94,1,21.1,3.295,3.871
133333.3333333333,78.78,0,23.63,2.156,14.755
214814.8148148148,154.96,0,46.18,0.973,3.713
97222.22222222222,78.04,1,23.41,5.666,12.046
153240.74074074073,154.31,0,27.65,2.177,5.756
253981.48148148146,102.94,1,30.88,1.35,4.416
431944.44444444444,244.61,0,73.38,0.103,4.995
231481.48148148146,95.32,1,28.6,1.053,1.878
221296.2962962963,145.95,0,43.79,0.751,12.769
84259.25925925926,73.39,0,21.4,1.854,7.363
108333.33333333333,91.42,1,27.42,4.989,11.673
76851.85185185185,44.87,1,13.46,2.062,9.993
155092.59259259258,70.05,1,10.7,3.056,1.94
54166.666666666664,80.27,0,24.08,9.862,12.661
219907.4074074074,196.68,0,33.58,2.759,5.08
145370.37037037036,92.72,1,16.61,1.65,12.13
103703.7037037037,131.55,0,22.74,4.583,6.393
97222.22222222222,64.85,1,15.61,1.706,5.43
116203.7037037037,73.95,1,22.19,5.861,1.721
231481.48148148146,129.32,1,38.8,1.83,1.641
125925.92592592591,154.59,1,19.9,2.544,12.409
349537.037037037,162.21,0,48.66,0.242,8.321
121296.29629629629,80.73,1,20.49,2.558,12.985
217592.59259259258,141.68,0,42.5,1.449,2.179
114814.8148148148,147.16,0,44.15,3.011,13.16
113888.88888888888,83.61,0,24.08,3.158,5.692
150925.92592592593,113.43,1,13.43,1.884,13.23
228312.96296296295,139.35,0,37.79,1.835,5.485
260382.4074074074,105.26,1,30.49,0.774,3.273
148148.14814814815,156.73,0,20.82,4.454,3.807
127314.8148148148,87.24,1,26.17,4.056,13.547
127777.77777777777,105.54,1,33.67,3.222,12.466
127268.51851851851,107.77,1,27.2,1.932,1.733
111111.11111111111,88.26,1,24.02,1.952,7.673
178703.70370370368,80.27,1,23.38,1.572,10.109
179517.59259259258,120.22,0,35.84,1.42,8.101
261964.8148148148,136.01,0,41.39,0.897,2.348
97222.22222222222,64.47,1,18.73,8.914,13.869
254629.6296296296,152.92,0,44.43,0.555,2.678
123148.14814814815,71.35,0,21.4,4.81,2.383
103703.7037037037,77.39,0,23.22,4.193,1.258
116203.7037037037,68.84,1,17.34,5.049,1.627
199074.07407407407,114.83,1,22.05,1.515,5.925
212962.96296296295,87.7,1,26.31,1.242,7.447
129629.62962962962,103.31,1,23.86,1.715,3.571
83333.33333333333,96.62,0,0.0,6.288,10.046
237962.96296296295,171.31,0,51.39,0.807,8.846
191666.66666666666,97.83,1,23.22,1.861,8.434
162870.37037037036,145.76,0,38.63,1.417,11.386
113425.92592592591,115.76,1,21.66,6.993,14.998
314814.8148148148,121.7,1,35.79,0.543,2.92
114814.8148148148,106.28,0,31.88,4.949,14.245
206481.48148148146,171.31,0,51.39,1.602,5.234
166574.07407407407,65.78,1,19.73,2.289,10.018
118055.55555555555,99.31,0,29.79,2.261,6.631
126388.88888888888,78.78,0,23.63,2.982,14.051
254601.85185185182,146.32,1,19.43,2.331,14.078
133333.3333333333,124.86,0,28.54,3.781,3.205
131481.48148148146,116.31,0,34.89,2.205,1.489
250925.9259259259,113.62,1,34.09,1.636,8.516
129629.62962962962,97.36,1,25.45,4.962,13.172
110185.18518518518,74.69,0,21.96,3.507,10.951
169351.85185185185,133.78,0,40.13,1.524,10.606
177907.4074074074,68.19,1,20.4,4.577,2.742
133101.85185185185,89.0,0,26.7,2.017,10.889
59722.22222222222,89.93,0,18.28,7.199,10.287
172685.18518518517,89.37,1,26.09,2.442,1.607
148148.14814814815,104.61,0,31.38,4.543,7.907
161111.1111111111,142.79,0,36.76,2.603,11.245
111574.07407407407,80.27,0,24.08,5.998,10.179
365386.11111111107,179.49,0,53.85,0.522,11.533
138611.1111111111,114.83,0,25.42,2.319,13.741
182407.4074074074,96.62,1,15.02,1.814,14.366
176851.85185185185,132.2,1,16.39,1.763,10.36
138240.74074074073,78.78,0,23.63,2.669,14.332
287037.037037037,95.32,1,28.34,0.146,13.148
112037.03703703704,88.44,0,26.53,2.543,2.182
166296.2962962963,132.11,0,39.63,1.632,13.862
119444.44444444444,84.82,0,22.69,2.717,2.894
146203.7037037037,110.37,0,33.11,3.126,9.976
222222.22222222222,113.34,1,34.0,0.888,13.546
103703.7037037037,73.95,1,15.61,6.373,4.798
85185.18518518518,58.53,0,17.56,3.587,10.078
125925.92592592591,83.24,1,24.97,3.088,8.798
265824.07407407404,146.6,0,43.84,0.6,12.565
134259.25925925924,99.59,0,15.25,3.084,12.115
78240.74074074073,105.91,0,31.77,4.867,3.974
171296.2962962963,113.43,0,34.03,1.515,2.993
162037.03703703702,88.54,1,26.56,2.984,12.175
194444.44444444444,192.59,0,42.98,2.315,2.608
246759.25925925924,110.37,1,32.11,1.253,13.424
131597.22222222222,100.15,0,30.04,4.507,1.087
136574.07407407407,116.69,0,35.01,3.382,8.365
